id,name,name_mi,address,lat,lng,access_level,access_notes,year_built,year_retrofit,structural_tags,summary,story,engineer,architect,storeys,step_free,image,external_url,category,featured,image_credit
te-pae,Te Pae Christchurch Convention Centre,Te Pae,188 Oxford Terrace,-43.5296,172.6357,foyer_only,"PCEE 2027 venue, 16-18 February 2027. Public foyers open during events.",2021,,steel_braced_frame;long_span_roof,"The PCEE 2027 venue. A steel-framed convention centre split into three structurally independent buildings, wrapped in a 42,000-tile facade that traces Canterbury's braided rivers.","Te Pae replaced the convention centre demolished after the 2011 earthquake and opened in December 2021 as an anchor project of the central-city rebuild. It holds a 1,400-seat tiered auditorium that divides in two, up to 3,300 m² of exhibition space and 24 meeting rooms.

Holmes divided the 15,000 m² footprint into three structurally independent but interconnected buildings. Bracing lines sit roughly 30-40 m apart so the auditorium, exhibition hall and banquet spaces stay brace-free, with floor and roof plates transferring seismic load between them. The designers note that seismic loads here are more than 50 times the wind loads the international team was used to working with.

The facade is 42,058 herringbone fibre-cement tiles on 1,604 panels. To keep the ribbons flowing across several floors, the team avoided the usual horizontal slip joint at each level and hid vertical movement joints within the tiling instead. Inside, the auditorium roof was erected without props around a central spine truss.",Holmes,Woods Bagot with Warren and Mahoney,,TRUE,/images/walk/te-pae.svg,https://www.sesoc.org.nz/static/Documents/Conference/2023/SESOC2023-0046-Galloway-46-101-Galloway-Bruce-46-101-Galloway-Bruce.pdf,new_build,TRUE,
turanga,Tūranga (Christchurch Central Library),Tūranga,60 Cathedral Square,-43.5298729854487,172.637058216904,interior_public,"Open library hours, free entry. Ask at the desk about engineering features.",2018,,rocking_wall;low_damage;dampers;steel_moment_frame,"Christchurch's central library, opened in 2018. Post-tensioned concrete walls rock on their foundations and re-centre, with dampers absorbing the energy. The low-damage design aims to keep the library open after a major quake.","Tūranga opened on 12 October 2018, replacing the central library that closed on the day of the February 2011 earthquake. At about 9,850 m² over five storeys it is the largest public library in the South Island.

Its seismic system is a set of large post-tensioned concrete walls. High-strength tendons clamp each wall to its foundation with roughly 1,000 tonnes of force. In a large earthquake the walls rock on their base, and the tendons pull them back to plumb, so the building self-centres rather than being left with residual drift.

Twenty lead-extrusion dampers, each about a metre long and 185 kg, sit between the walls and the foundations. They were developed by University of Canterbury researcher Geoffrey Rodgers, and viscous dampers add further energy dissipation. A steel moment frame wraps the perimeter. The design won an Institution of Structural Engineers Structural Award in 2019.",Lewis Bradford Consulting Engineers,Schmidt Hammer Lassen with Architectus,5,TRUE,/images/walk/turanga.svg,https://my.christchurchcitylibraries.com/turanga/turanga-about-the-building/turanga-engineering/,civic,,
christchurch-art-gallery,Christchurch Art Gallery Te Puna o Waiwhetū,Te Puna o Waiwhetū,Cnr Worcester Blvd and Montreal St,-43.5312,172.6301,interior_public,"Open gallery hours, free entry. Look for the tiled moat around the perimeter.",2003,2015,base_isolation;ground_improvement,"Liquefaction left the gallery up to 182 mm out of level. Engineers strengthened the ground, re-levelled the building and slid isolators in beneath it. Finished in 2015, it was the South Island's first base-isolation retrofit.","Designed by David Cole of the Buchan Group after a competition that drew more than 90 entries, the gallery opened in 2003. After the February 2011 earthquake it served as the city's Civil Defence headquarters.

Deep liquefaction had caused differential settlement. The raft foundation protected the superstructure, but it sank unevenly across the 6,500 m² plan by up to 182 mm. Mainmark-Uretek first strengthened the ground with jet grouting, then re-levelled the building with a computer-controlled 'jack on grout' injection system.

Aurecon then designed a base-isolation retrofit. More than 130 isolators were installed in the basement, several structural elements were strengthened, and a 600 mm moat was formed around the building at ground level so it can move. Completed in December 2015, it was the first base-isolation retrofit in the South Island. Walk the perimeter to find the moat's cover tiles.",Aurecon (retrofit),The Buchan Group (David Cole),,TRUE,/images/walk/christchurch-art-gallery.svg,https://christchurchartgallery.org.nz/about/building,civic,,
christ-church-cathedral,Christchurch Cathedral,,Cathedral Square,-43.5311,172.6367,exterior_only,Fenced construction site - exterior viewing from Cathedral Square only.,1881,,urm_retrofit;base_isolation;heritage_stone,"Christchurch's Gothic Revival stone cathedral, wrecked in 2011. It is now being repaired, strengthened and base isolated, an approach the engineers say has seldom been attempted on a damaged stone building anywhere.","Designed by George Gilbert Scott and built under Benjamin Mountfort's supervision, the nave was consecrated in 1881 and the cathedral was completed in 1904. The February 2011 earthquake brought down the spire and the upper tower, and later aftershocks destroyed the west wall's rose window.

After years of debate, the decision to reinstate rather than demolish was made in 2017. Holmes is the structural engineer and Warren and Mahoney the architect. The scheme stabilises and repairs the masonry, adds a new seismic frame and floor system, and places the whole building on base isolation. That is expected to cut earthquake accelerations reaching the structure to about a third.

Work paused in 2024 for lack of funding. In September 2025 a staged plan was announced: reinstate the tower, nave and west wall (including the Rose Window) first, the same areas that opened in 1881, giving seating for about 700. This halves the funding gap, and the cathedral could reopen by the end of 2030.",Holmes,George Gilbert Scott; reinstatement by Warren and Mahoney,,,/images/walk/christ-church-cathedral.svg,https://christchurchcathedral.org.nz/,heritage,,
town-hall,Christchurch Town Hall,,86 Kilmore St,-43.5273,172.636,foyer_only,Foyers open during performances and events.,1972,2019,ground_improvement,"Warren and Mahoney's 1972 modernist landmark beside the Avon. Lateral spreading damaged it badly. It was saved by injecting more than 1,000 jet-grout columns beneath it and casting a new raft foundation, then reopened in 2019.","Designed by Miles Warren and Maurice Mahoney, the Town Hall opened in 1972. Its Douglas Lilburn Auditorium is internationally known for its acoustics. The 2010-2011 earthquakes caused liquefaction and lateral spreading towards the river, damaging the foundations and pulling the building out of level.

Holmes and Tonkin + Taylor worked together on the remediation, part of a conservation project of more than $167 million. First, 1,098 jet-grout columns were injected through the existing floor to stabilise the ground. The floor was then removed and replaced with a new raft foundation 700-900 mm thick, tying the existing foundations together. The superstructure was then re-levelled and strengthened to 100% of the New Building Standard.

The Town Hall reopened on 23 February 2019, eight years and a day after the earthquake. The project won an Institution of Structural Engineers Structural Award in 2021.",Holmes with Tonkin + Taylor,Warren and Mahoney,,TRUE,/images/walk/town-hall.svg,https://australiangeomechanics.org/christchurch-town-hall-foundation-stabilisation-using-jet-grouting-technique/,civic,,
arts-centre,The Arts Centre Te Matatiki Toi Ora,Te Matatiki Toi Ora,2 Worcester Blvd,-43.5315,172.6285,interior_public,Courtyards and many buildings open daily. Some areas may be closed for restoration.,1877,,urm_retrofit;post_tensioned;heritage_stone,"The former Canterbury College campus: 23 Gothic Revival stone buildings, 21 of them Category 1 heritage. Their post-quake restoration, valued at around $290 million, is one of the largest heritage restoration programmes in the world.","Begun in 1877 to designs by Benjamin Mountfort and later architects, the site was Canterbury College (now the University of Canterbury) until the 1970s, when it became an arts precinct. The 2010-2011 earthquakes damaged the buildings extensively.

The restoration programme has strengthened the masonry buildings while keeping the work out of sight. At the Great Hall (1882), with Holmes as engineer, old external post-tensioning was removed. New high-strength bars were installed both horizontally and vertically within the walls, then grouted, so the strengthening sits hidden behind the original fabric. The Great Hall reopened in June 2016.

The programme has won national and international structural and heritage awards, including an Institution of Structural Engineers Structural Award in 2017 for Block C (the Great Hall and Clock Tower). Work continues, including the rebuild of the Observatory Tower.",Holmes (Great Hall),Benjamin Mountfort and others,,,/images/walk/arts-centre.svg,https://www.artscentre.org.nz/,heritage,,
provincial-chambers,Canterbury Provincial Council Buildings,,Durham St North,-43.5289,172.6345,exterior_only,Closed and fenced - view from Durham St North and the Avon riverbank.,1858,,heritage_stone,"New Zealand's only purpose-built provincial government buildings, designed by Benjamin Mountfort. The 1865 Stone Chamber collapsed on 22 February 2011, and restoration is still awaiting funding. It shows what remains unresolved in the city's heritage recovery.","Built in stages from 1858, the complex began in timber. The ornate Gothic Revival Stone Chamber was completed in 1865. The complex housed the Canterbury Provincial Council until the provinces were abolished in 1876.

The Stone Chamber collapsed in the 22 February 2011 earthquake, and the timber wings were badly damaged. The site has since been stabilised. Restoration was estimated in 2018 at well over $100 million and deferred until at least 2029. In July 2026 the council was seeking private investors to help save it.

Some of the chamber's furniture was recovered from the rubble and restored with a grant from the World Monuments Fund, including the Speaker's Chair, a double-faced clock and members' benches. These pieces have been on display at the Quake City museum.",,Benjamin Mountfort,,,/images/walk/provincial-chambers.svg,https://www.heritage.org.nz/list-details/45/Listing,heritage,,
transitional-cathedral,Transitional (Cardboard) Cathedral,,234 Hereford St,-43.5339,172.6417,interior_public,Open most days for visitors outside service times - check before visiting.,2013,,timber_lvl;paper_tube,"Shigeru Ban's 'Cardboard Cathedral': 96 cardboard tubes, each 600 mm across, form an A-frame. Because the tubes alone couldn't carry the load, a timber LVL beam was threaded through or alongside each one. The building opened in 2013.","With the stone cathedral out of use, the Anglican diocese commissioned Japanese architect Shigeru Ban, working pro bono with Warren and Mahoney, to build a transitional cathedral. It opened in August 2013, seats about 700, and rises 21 m above the altar.

The A-frame is formed from 96 cardboard tubes, each 600 mm in diameter, coated with waterproof polyurethane and fire retardant and spaced so daylight filters through. Local manufacturers could not produce tubes long or strong enough to work structurally on their own. Holmes therefore threaded a laminated veneer lumber (LVL) beam through, or alongside, each tube, so the timber carries the load and the cardboard forms the architecture.

Eight shipping containers form the side walls at the base, and a polycarbonate roof keeps the weather out. Reports put the building at around 130% of the New Building Standard. The triangular stained-glass west window draws on images from the stone cathedral's Rose Window.",Holmes,Shigeru Ban with Warren and Mahoney,,TRUE,/images/walk/transitional-cathedral.svg,https://www.cardboardcathedral.org.nz/,heritage,,
justice-precinct,Christchurch Justice and Emergency Services Precinct,,20 Lichfield St,-43.5345,172.6338,foyer_only,Public foyer during business hours. Security screening applies.,2017,,base_isolation;steel_moment_frame,"Courts, police, fire, ambulance and emergency management under one roof. Four steel buildings sit on a shared base-isolated podium, designed to Importance Level 4 so emergency services can keep working after a major quake.","The precinct opened on 12 September 2017 as the first major Crown anchor project of the rebuild. It cost about $300 million and has around 40,000 m² of floor area. It brings together the District Court, Police, Corrections, Fire and Emergency, St John and the National Emergency Management Agency, the largest multi-agency government co-location in New Zealand.

Its four buildings are seismically separated, two-way steel moment-resisting frames. All four stand on a common podium that is base isolated at first-floor level using isolators and PTFE sliders, so in an earthquake they move together as one.

As an Importance Level 4 facility, it was designed with performance-based checks at 500-year, 2,500-year and 7,500-year return periods. The aim is that the agencies who respond to a disaster can keep working through and after it.",Holmes,"Warren and Mahoney, Cox Architecture and Opus",5,TRUE,/images/walk/justice-precinct.svg,https://www.justice.govt.nz/about/about-us/our-strategy/christchurch-justice-and-emergency-services-precinct,civic,,
forte-health,Forte Health,,132 Peterborough St,-43.5262,172.6372,foyer_only,Private hospital - foyer only. Please respect patients and staff.,2014,,rocking_frame;post_tensioned;dampers;low_damage,"New Zealand's first steel PRESSS building. Post-tensioned braced frames rock during a big earthquake and then re-centre, while lead-extrusion and yielding-steel dampers soak up the energy. It was designed to stay operational after a Canterbury-scale event.","Construction of this three-storey private hospital began in September 2012, and it opened in February 2014. It contains four operating theatres along with radiology and specialist clinics, and was one of the first major new buildings in the post-quake central city.

Alan Reay Consultants adapted the PRESSS (PREcast Seismic Structural Systems) rocking concept, previously used with precast concrete and engineered timber, to structural steel. The lateral system is coupled steel braced frames, post-tensioned vertically with unbonded high-strength bars. In a large earthquake the frames rock, and the post-tensioning pulls them back to centre.

Energy is dissipated by two types of replaceable fuse: University of Canterbury-developed lead-extrusion devices, used here in a building for the first time, and mild-steel yielding dampers. The engineers say combining the two had not been done before. The design targets immediate occupancy after an event like the 2010-2011 earthquakes.",Alan Reay Consultants,,3,TRUE,/images/walk/forte-health.svg,https://architecturenow.co.nz/articles/seismic-firsts/,commercial,,
riverside-market,Riverside Market,,96 Oxford Terrace,-43.5326,172.636,interior_public,"Open daily, market hours. Good stop for lunch.",2019,,,"A seven-day indoor food market built where the Re:START shipping-container mall stood after the earthquakes. It is fitted out largely in natural materials, including timber recycled from Lyttelton's wharves.","After the 2011 earthquake, this block next to City Mall was cleared and hosted Re:START, the shipping-container shopping mall that kept retail alive in the red-zoned central city. Riverside Market opened on the same site on 28 September 2019.

The $80 million development was designed by Kirk Roberts Consulting for Mainland Capital and modelled on the food halls of Melbourne and Copenhagen. Market stalls fill the ground floor, and bars and restaurants on the first floor look down over them. The interior uses mostly natural materials, including timber recycled from the wharf at Lyttelton.

It averages more than 10,000 visitors a day and won the Property Council's retail award in 2020. It is a convenient refuelling stop mid-walk.",,Kirk Roberts Consulting,2,TRUE,/images/walk/riverside-market.svg,,commercial,,
isaac-theatre-royal,Isaac Theatre Royal,,145 Gloucester St,-43.5304,172.6386,by_arrangement,Interior by ticket or guided tour only. The facade is best seen from Gloucester St.,1908,2014,urm_retrofit;facade_retention,"An Edwardian theatre rebuilt behind its own facade. The 1908 front was strengthened in place while monitored for movement. Behind it, new steel-and-concrete walls and a lightweight steel roof replaced the brick auditorium, and the dome and plasterwork were put back.","The theatre opened in 1908 and was badly damaged in 2011. Its restoration, completed in November 2014, kept the heritage fabric but replaced almost everything structural behind it.

The 1908 facade and main stair were strengthened and rebuilt in place, with Harrison Grierson monitoring them for movement throughout. Behind them, the auditorium's brick walls were replaced with new steel and concrete walls. A lightweight steel roof went in above the reinstated plaster ceiling, and the dome was carefully removed and reinstated. The auditorium, foyers and egress routes now meet current building codes.

The team included Holmes (structural and fire engineering), Warren and Mahoney (architect), RCP (project manager) and Naylor Love (builder). The project received a national heritage award.",Holmes,Warren and Mahoney (restoration),,,/images/walk/isaac-theatre-royal.svg,https://www.harrisongrierson.com/projects/isaac-theatre-royal-christchurch-heritage-building,heritage,,
christchurch-hospital-waipapa,Christchurch Hospital Waipapa,Waipapa,Riccarton Ave,-43.5337,172.6262,foyer_only,Active hospital - public foyer only. Please keep clear of clinical areas.,2020,,base_isolation;steel_moment_frame,"A 62,000 m² acute hospital on 129 base isolators, with up to 650 mm of movement allowed between the lower-ground and ground floors. It was designed to Importance Level 4 so it can keep treating patients immediately after a major earthquake.","Waipapa was completed in 2020 at a project value of around $500 million. It houses the emergency department, intensive care, 12 operating theatres and procedure rooms, and more than 400 inpatient beds, with a helipad on the roof.

The whole building sits on 129 base isolators, which allow as much as 650 mm of movement between the lower-ground and ground floors. Above the isolation plane, Holmes designed a steel moment frame from prefabricated sections bolted together on site. This minimised site welding and disruption on a live hospital campus.

As an Importance Level 4 facility it has to stay fully operational after a major earthquake. The low-damage approach therefore extended beyond the structure to building services, fit-out and contents, which were also seismically detailed.",Holmes,"Chow:Hill, Warren and Mahoney and Thinc Health",,TRUE,/images/walk/christchurch-hospital-waipapa.svg,https://holmesanz.com/projects/waipapa-christchurch-hospital/,civic,,
te-kaha,Te Kaha One New Zealand Stadium,Te Kaha,218 Madras St,-43.5342,172.6442,exterior_only,Interior on event days only. The exterior and roof are visible from Madras and Hereford Streets.,2026,,long_span_roof;steel_braced_frame;brb,"Christchurch's new covered stadium, opened in March 2026. A 175 x 211 m ETFE roof spans the pitch. Eccentrically braced frames with replaceable fuses and buckling-restrained braces resist earthquakes, including 12 m roof BRBs that are the largest made in NZ.","Te Kaha, meaning 'the strength' and gifted by Ngāi Tūāhuriri, opened on 27 March 2026. It replaces Lancaster Park, lost to the 2011 earthquake, and is described as the final piece of the central-city rebuild. It seats 25,000, expandable to 30,000, and up to 37,000 for concerts. It set its record crowd of 29,152 for the All Blacks against France in July 2026.

The fixed roof spans 175 m by 211 m on 40 perimeter columns arranged radially. Twelve lenticular trusses span across the pitch, and double-layer ETFE cushions let in enough daylight to grow natural turf.

A site-specific seismic hazard assessment found that design actions could be 15-45% higher than the code values. Mott MacDonald responded with eccentrically braced frames with replaceable fuses and with buckling-restrained braces. The roof BRBs are 12 m long, the largest ever made and tested in New Zealand.",Mott MacDonald,Populous with Warren and Mahoney,,,/images/walk/te-kaha.svg,https://www.mottmac.com/en/projects/celebrating-sporting-excellence-in-christchurch-new-zealand/,new_build,FALSE,
